<list>
  <ProcessDefinition>
    <processDefinitionPK>
      <companyId>1</companyId>
      <processId>M001</processId>
    </processDefinitionPK>
    <processDescription>M001 - Atividades Complementares</processDescription>
    <instruction></instruction>
    <active>true</active>
    <publicProcess>false</publicProcess>
    <volumeId>Default</volumeId>
    <categoryId>SERVICOS EDUCACIONAIS</categoryId>
    <managerEngineAllocationId>Papel</managerEngineAllocationId>
    <managerEngineAllocationConfiguration>&lt;AssignmentController&gt;&lt;Role&gt;admin&lt;/Role&gt;&lt;/AssignmentController&gt;</managerEngineAllocationConfiguration>
    <snapshotFrequency>0</snapshotFrequency>
    <baseDay>0</baseDay>
    <baseMonth>0</baseMonth>
    <periodId>Default</periodId>
    <uniqueCardVersion>false</uniqueCardVersion>
    <keyWord></keyWord>
    <complementsLevel>1</complementsLevel>
    <notifyRequisitionerComplements>true</notifyRequisitionerComplements>
    <notifyManagerComplements>false</notifyManagerComplements>
    <deadlineTime>0</deadlineTime>
    <warningDeadlineTime>0</warningDeadlineTime>
    <notifyAuthorityComplements>true</notifyAuthorityComplements>
  </ProcessDefinition>
  <ProcessDefinitionVersion>
    <processDefinitionVersionPK>
      <companyId>1</companyId>
      <processId>M001 - Atividades Complementares</processId>
      <version>18</version>
    </processDefinitionVersionPK>
    <versionDescription></versionDescription>
    <formId>14</formId>
    <editionMode>true</editionMode>
    <updateAttachmentsVersion>false</updateAttachmentsVersion>
    <controlsAttachmentsSecurity>false</controlsAttachmentsSecurity>
    <active>true</active>
    <blockedVersion>false</blockedVersion>
    <counterSign>false</counterSign>
    <openInstances>0</openInstances>
    <bpmnVersion>2</bpmnVersion>
    <processStates/>
    <favorito>false</favorito>
    <inheritFormSecurity>false</inheritFormSecurity>
    <mobileReady>false</mobileReady>
  </ProcessDefinitionVersion>
  <list>
    <ProcessState>
      <processStatePK>
        <companyId>1</companyId>
        <processId>M001</processId>
        <version>1</version>
        <sequence>5</sequence>
      </processStatePK>
      <stateName>Início</stateName>
      <stateDescription>Início</stateDescription>
      <instruction></instruction>
      <deadlineTime>60</deadlineTime>
      <joint>false</joint>
      <agreementPercentage>0</agreementPercentage>
      <engineAllocationId></engineAllocationId>
      <engineAllocationConfiguration></engineAllocationConfiguration>
      <selectColleague>1</selectColleague>
      <initialState>true</initialState>
      <notifyAuthorityDelay>true</notifyAuthorityDelay>
      <notifyRequisitionerDelay>false</notifyRequisitionerDelay>
      <allowanceAuthorityTime>3600</allowanceAuthorityTime>
      <frequenceAuthorityTime>3600</frequenceAuthorityTime>
      <allowanceRequisitionerTime>0</allowanceRequisitionerTime>
      <frequenceRequisitionerTime>0</frequenceRequisitionerTime>
      <transferAttachments>false</transferAttachments>
      <subProcessId></subProcessId>
      <formFolder>0</formFolder>
      <notifyAuthorityFollowUp>false</notifyAuthorityFollowUp>
      <notifyRequisitionerFollowUp>false</notifyRequisitionerFollowUp>
      <automatic>false</automatic>
      <positionX>280</positionX>
      <positionY>113</positionY>
      <forecastedEffortType>0</forecastedEffortType>
      <forecastedEffort>0</forecastedEffort>
      <notifyManagerFollowUp>false</notifyManagerFollowUp>
      <notifyManagerDelay>false</notifyManagerDelay>
      <allowanceManagerTime>0</allowanceManagerTime>
      <frequenceManagerTime>0</frequenceManagerTime>
      <inhibitTransfer>false</inhibitTransfer>
      <periodId></periodId>
      <stateType>0</stateType>
      <bpmnType>10</bpmnType>
      <signalId>0</signalId>
      <counterSign>false</counterSign>
      <openInstances>0</openInstances>
      <noticeExpirationAuthorityTime>0</noticeExpirationAuthorityTime>
      <noticeExpirationRequisitionerTime>0</noticeExpirationRequisitionerTime>
      <noticeExpirationManagerTime>0</noticeExpirationManagerTime>
      <destinationStates/>
      <digitalSignature>false</digitalSignature>
    </ProcessState>
    <ProcessState>
      <processStatePK>
        <companyId>1</companyId>
        <processId>M001</processId>
        <version>1</version>
        <sequence>6</sequence>
      </processStatePK>
      <stateName>Avaliação do Aproveitamento SECAD</stateName>
      <stateDescription>Avaliação do Aproveitamento SECAD</stateDescription>
      <instruction></instruction>
      <deadlineTime>0</deadlineTime>
      <deadlineFieldName></deadlineFieldName>
      <joint>false</joint>
      <agreementPercentage>0</agreementPercentage>
      <engineAllocationId>Pool Grupo</engineAllocationId>
      <engineAllocationConfiguration>&lt;AssignmentController&gt;&lt;Group&gt;SECAD&lt;/Group&gt;&lt;/AssignmentController&gt;</engineAllocationConfiguration>
      <selectColleague>1</selectColleague>
      <initialState>false</initialState>
      <notifyAuthorityDelay>true</notifyAuthorityDelay>
      <notifyRequisitionerDelay>false</notifyRequisitionerDelay>
      <allowanceAuthorityTime>3600</allowanceAuthorityTime>
      <frequenceAuthorityTime>3600</frequenceAuthorityTime>
      <allowanceRequisitionerTime>0</allowanceRequisitionerTime>
      <frequenceRequisitionerTime>0</frequenceRequisitionerTime>
      <transferAttachments>false</transferAttachments>
      <subProcessId></subProcessId>
      <formFolder>0</formFolder>
      <notifyAuthorityFollowUp>true</notifyAuthorityFollowUp>
      <notifyRequisitionerFollowUp>false</notifyRequisitionerFollowUp>
      <automatic>false</automatic>
      <positionX>350</positionX>
      <positionY>306</positionY>
      <forecastedEffortType>0</forecastedEffortType>
      <forecastedEffort>0</forecastedEffort>
      <notifyManagerFollowUp>false</notifyManagerFollowUp>
      <notifyManagerDelay>false</notifyManagerDelay>
      <allowanceManagerTime>0</allowanceManagerTime>
      <frequenceManagerTime>0</frequenceManagerTime>
      <inhibitTransfer>false</inhibitTransfer>
      <periodId></periodId>
      <stateType>0</stateType>
      <bpmnType>80</bpmnType>
      <signalId>0</signalId>
      <counterSign>false</counterSign>
      <openInstances>0</openInstances>
      <noticeExpirationAuthorityTime>0</noticeExpirationAuthorityTime>
      <noticeExpirationRequisitionerTime>0</noticeExpirationRequisitionerTime>
      <noticeExpirationManagerTime>0</noticeExpirationManagerTime>
      <destinationStates/>
      <digitalSignature>false</digitalSignature>
      <executionType>0</executionType>
    </ProcessState>
    <ProcessState>
      <processStatePK>
        <companyId>1</companyId>
        <processId>M001</processId>
        <version>1</version>
        <sequence>15</sequence>
      </processStatePK>
      <stateName>Lançar Atividade Curricular</stateName>
      <stateDescription>Lançar Atividade Curricular</stateDescription>
      <instruction></instruction>
      <deadlineTime>0</deadlineTime>
      <deadlineFieldName></deadlineFieldName>
      <joint>false</joint>
      <agreementPercentage>0</agreementPercentage>
      <engineAllocationId></engineAllocationId>
      <selectColleague>1</selectColleague>
      <initialState>false</initialState>
      <notifyAuthorityDelay>false</notifyAuthorityDelay>
      <notifyRequisitionerDelay>false</notifyRequisitionerDelay>
      <allowanceAuthorityTime>0</allowanceAuthorityTime>
      <frequenceAuthorityTime>0</frequenceAuthorityTime>
      <allowanceRequisitionerTime>0</allowanceRequisitionerTime>
      <frequenceRequisitionerTime>0</frequenceRequisitionerTime>
      <transferAttachments>false</transferAttachments>
      <subProcessId></subProcessId>
      <formFolder>0</formFolder>
      <notifyAuthorityFollowUp>true</notifyAuthorityFollowUp>
      <notifyRequisitionerFollowUp>false</notifyRequisitionerFollowUp>
      <automatic>false</automatic>
      <positionX>520</positionX>
      <positionY>720</positionY>
      <forecastedEffortType>0</forecastedEffortType>
      <forecastedEffort>0</forecastedEffort>
      <notifyManagerFollowUp>false</notifyManagerFollowUp>
      <notifyManagerDelay>false</notifyManagerDelay>
      <allowanceManagerTime>0</allowanceManagerTime>
      <frequenceManagerTime>0</frequenceManagerTime>
      <inhibitTransfer>false</inhibitTransfer>
      <periodId></periodId>
      <stateType>0</stateType>
      <bpmnType>82</bpmnType>
      <signalId>0</signalId>
      <counterSign>false</counterSign>
      <openInstances>0</openInstances>
      <noticeExpirationAuthorityTime>0</noticeExpirationAuthorityTime>
      <noticeExpirationRequisitionerTime>0</noticeExpirationRequisitionerTime>
      <noticeExpirationManagerTime>0</noticeExpirationManagerTime>
      <destinationStates/>
      <digitalSignature>false</digitalSignature>
      <executionType>1</executionType>
    </ProcessState>
    <ProcessState>
      <processStatePK>
        <companyId>1</companyId>
        <processId>M001</processId>
        <version>1</version>
        <sequence>18</sequence>
      </processStatePK>
      <stateName>Erro Integração</stateName>
      <stateDescription>Erro Integração</stateDescription>
      <instruction></instruction>
      <deadlineTime>0</deadlineTime>
      <deadlineFieldName></deadlineFieldName>
      <joint>false</joint>
      <agreementPercentage>0</agreementPercentage>
      <engineAllocationId>Executor Atividade</engineAllocationId>
      <engineAllocationConfiguration>&lt;AssignmentController&gt;&lt;BaseActivity&gt;6&lt;/BaseActivity&gt;&lt;Returns&gt;All&lt;/Returns&gt;&lt;/AssignmentController&gt;</engineAllocationConfiguration>
      <selectColleague>1</selectColleague>
      <initialState>false</initialState>
      <notifyAuthorityDelay>true</notifyAuthorityDelay>
      <notifyRequisitionerDelay>false</notifyRequisitionerDelay>
      <allowanceAuthorityTime>3600</allowanceAuthorityTime>
      <frequenceAuthorityTime>3600</frequenceAuthorityTime>
      <allowanceRequisitionerTime>0</allowanceRequisitionerTime>
      <frequenceRequisitionerTime>0</frequenceRequisitionerTime>
      <transferAttachments>false</transferAttachments>
      <subProcessId></subProcessId>
      <formFolder>0</formFolder>
      <notifyAuthorityFollowUp>true</notifyAuthorityFollowUp>
      <notifyRequisitionerFollowUp>false</notifyRequisitionerFollowUp>
      <automatic>false</automatic>
      <positionX>410</positionX>
      <positionY>810</positionY>
      <forecastedEffortType>0</forecastedEffortType>
      <forecastedEffort>0</forecastedEffort>
      <notifyManagerFollowUp>false</notifyManagerFollowUp>
      <notifyManagerDelay>false</notifyManagerDelay>
      <allowanceManagerTime>0</allowanceManagerTime>
      <frequenceManagerTime>0</frequenceManagerTime>
      <inhibitTransfer>false</inhibitTransfer>
      <periodId></periodId>
      <stateType>0</stateType>
      <bpmnType>80</bpmnType>
      <signalId>0</signalId>
      <counterSign>false</counterSign>
      <openInstances>0</openInstances>
      <noticeExpirationAuthorityTime>0</noticeExpirationAuthorityTime>
      <noticeExpirationRequisitionerTime>0</noticeExpirationRequisitionerTime>
      <noticeExpirationManagerTime>0</noticeExpirationManagerTime>
      <destinationStates/>
      <digitalSignature>false</digitalSignature>
      <executionType>0</executionType>
    </ProcessState>
    <ProcessState>
      <processStatePK>
        <companyId>1</companyId>
        <processId>M001</processId>
        <version>1</version>
        <sequence>24</sequence>
      </processStatePK>
      <stateName>Análise do Coordernador</stateName>
      <stateDescription>Análise do Coordernador</stateDescription>
      <instruction></instruction>
      <deadlineTime>0</deadlineTime>
      <deadlineFieldName></deadlineFieldName>
      <joint>false</joint>
      <agreementPercentage>0</agreementPercentage>
      <engineAllocationId>Campo Formulário</engineAllocationId>
      <engineAllocationConfiguration>&lt;AssignmentController&gt;&lt;FormField&gt;codCoordenador&lt;/FormField&gt;&lt;/AssignmentController&gt;</engineAllocationConfiguration>
      <selectColleague>1</selectColleague>
      <initialState>false</initialState>
      <notifyAuthorityDelay>true</notifyAuthorityDelay>
      <notifyRequisitionerDelay>false</notifyRequisitionerDelay>
      <allowanceAuthorityTime>3600</allowanceAuthorityTime>
      <frequenceAuthorityTime>3600</frequenceAuthorityTime>
      <allowanceRequisitionerTime>0</allowanceRequisitionerTime>
      <frequenceRequisitionerTime>0</frequenceRequisitionerTime>
      <transferAttachments>false</transferAttachments>
      <subProcessId></subProcessId>
      <formFolder>0</formFolder>
      <notifyAuthorityFollowUp>true</notifyAuthorityFollowUp>
      <notifyRequisitionerFollowUp>false</notifyRequisitionerFollowUp>
      <automatic>false</automatic>
      <positionX>350</positionX>
      <positionY>530</positionY>
      <forecastedEffortType>0</forecastedEffortType>
      <forecastedEffort>0</forecastedEffort>
      <notifyManagerFollowUp>false</notifyManagerFollowUp>
      <notifyManagerDelay>false</notifyManagerDelay>
      <allowanceManagerTime>0</allowanceManagerTime>
      <frequenceManagerTime>0</frequenceManagerTime>
      <inhibitTransfer>false</inhibitTransfer>
      <periodId>Default</periodId>
      <stateType>0</stateType>
      <bpmnType>80</bpmnType>
      <signalId>0</signalId>
      <counterSign>false</counterSign>
      <openInstances>0</openInstances>
      <noticeExpirationAuthorityTime>0</noticeExpirationAuthorityTime>
      <noticeExpirationRequisitionerTime>0</noticeExpirationRequisitionerTime>
      <noticeExpirationManagerTime>0</noticeExpirationManagerTime>
      <destinationStates/>
      <digitalSignature>false</digitalSignature>
      <executionType>0</executionType>
    </ProcessState>
    <ProcessState>
      <processStatePK>
        <companyId>1</companyId>
        <processId>M001</processId>
        <version>1</version>
        <sequence>17</sequence>
      </processStatePK>
      <stateName>Intermediário</stateName>
      <stateDescription>Intermediário</stateDescription>
      <instruction>Evento intermediário do processo</instruction>
      <deadlineTime>0</deadlineTime>
      <joint>false</joint>
      <agreementPercentage>0</agreementPercentage>
      <engineAllocationId></engineAllocationId>
      <engineAllocationConfiguration></engineAllocationConfiguration>
      <selectColleague>0</selectColleague>
      <initialState>false</initialState>
      <notifyAuthorityDelay>true</notifyAuthorityDelay>
      <notifyRequisitionerDelay>false</notifyRequisitionerDelay>
      <allowanceAuthorityTime>1</allowanceAuthorityTime>
      <frequenceAuthorityTime>1</frequenceAuthorityTime>
      <allowanceRequisitionerTime>0</allowanceRequisitionerTime>
      <frequenceRequisitionerTime>0</frequenceRequisitionerTime>
      <transferAttachments>false</transferAttachments>
      <subProcessId></subProcessId>
      <formFolder>0</formFolder>
      <notifyAuthorityFollowUp>true</notifyAuthorityFollowUp>
      <notifyRequisitionerFollowUp>false</notifyRequisitionerFollowUp>
      <automatic>false</automatic>
      <positionX>597</positionX>
      <positionY>788</positionY>
      <forecastedEffortType>0</forecastedEffortType>
      <forecastedEffort>0</forecastedEffort>
      <notifyManagerFollowUp>false</notifyManagerFollowUp>
      <notifyManagerDelay>false</notifyManagerDelay>
      <frequenceManagerTime>0</frequenceManagerTime>
      <inhibitTransfer>false</inhibitTransfer>
      <periodId></periodId>
      <stateType>0</stateType>
      <bpmnType>43</bpmnType>
      <signalId>0</signalId>
      <counterSign>false</counterSign>
      <openInstances>0</openInstances>
      <destinationStates/>
      <digitalSignature>false</digitalSignature>
      <parentSequence>15</parentSequence>
    </ProcessState>
    <ProcessState>
      <processStatePK>
        <companyId>1</companyId>
        <processId>M001</processId>
        <version>1</version>
        <sequence>31</sequence>
      </processStatePK>
      <stateName>Fim com cancelamento de processo</stateName>
      <stateDescription>Fim com cancelamento de processo</stateDescription>
      <instruction>Atividade final do processo</instruction>
      <deadlineTime>0</deadlineTime>
      <joint>false</joint>
      <agreementPercentage>0</agreementPercentage>
      <engineAllocationId></engineAllocationId>
      <engineAllocationConfiguration></engineAllocationConfiguration>
      <selectColleague>0</selectColleague>
      <initialState>false</initialState>
      <notifyAuthorityDelay>true</notifyAuthorityDelay>
      <notifyRequisitionerDelay>false</notifyRequisitionerDelay>
      <allowanceAuthorityTime>0</allowanceAuthorityTime>
      <frequenceAuthorityTime>1</frequenceAuthorityTime>
      <allowanceRequisitionerTime>0</allowanceRequisitionerTime>
      <frequenceRequisitionerTime>0</frequenceRequisitionerTime>
      <transferAttachments>false</transferAttachments>
      <subProcessId></subProcessId>
      <formFolder>0</formFolder>
      <notifyAuthorityFollowUp>false</notifyAuthorityFollowUp>
      <notifyRequisitionerFollowUp>false</notifyRequisitionerFollowUp>
      <automatic>false</automatic>
      <positionX>280</positionX>
      <positionY>330</positionY>
      <forecastedEffortType>0</forecastedEffortType>
      <forecastedEffort>0</forecastedEffort>
      <notifyManagerFollowUp>false</notifyManagerFollowUp>
      <notifyManagerDelay>false</notifyManagerDelay>
      <allowanceManagerTime>0</allowanceManagerTime>
      <frequenceManagerTime>0</frequenceManagerTime>
      <inhibitTransfer>false</inhibitTransfer>
      <periodId></periodId>
      <stateType>6</stateType>
      <bpmnType>65</bpmnType>
      <signalId>0</signalId>
      <counterSign>false</counterSign>
      <openInstances>0</openInstances>
      <destinationStates/>
      <digitalSignature>false</digitalSignature>
    </ProcessState>
    <ProcessState>
      <processStatePK>
        <companyId>1</companyId>
        <processId>M001</processId>
        <version>1</version>
        <sequence>52</sequence>
      </processStatePK>
      <stateName>Fim</stateName>
      <stateDescription>Fim</stateDescription>
      <instruction>Atividade final do processo</instruction>
      <deadlineTime>0</deadlineTime>
      <joint>false</joint>
      <agreementPercentage>0</agreementPercentage>
      <engineAllocationId></engineAllocationId>
      <engineAllocationConfiguration></engineAllocationConfiguration>
      <selectColleague>0</selectColleague>
      <initialState>false</initialState>
      <notifyAuthorityDelay>true</notifyAuthorityDelay>
      <notifyRequisitionerDelay>false</notifyRequisitionerDelay>
      <allowanceAuthorityTime>0</allowanceAuthorityTime>
      <frequenceAuthorityTime>1</frequenceAuthorityTime>
      <allowanceRequisitionerTime>0</allowanceRequisitionerTime>
      <frequenceRequisitionerTime>0</frequenceRequisitionerTime>
      <transferAttachments>false</transferAttachments>
      <subProcessId></subProcessId>
      <formFolder>0</formFolder>
      <notifyAuthorityFollowUp>false</notifyAuthorityFollowUp>
      <notifyRequisitionerFollowUp>false</notifyRequisitionerFollowUp>
      <automatic>false</automatic>
      <positionX>750</positionX>
      <positionY>748</positionY>
      <forecastedEffortType>0</forecastedEffortType>
      <forecastedEffort>0</forecastedEffort>
      <notifyManagerFollowUp>false</notifyManagerFollowUp>
      <notifyManagerDelay>false</notifyManagerDelay>
      <allowanceManagerTime>0</allowanceManagerTime>
      <frequenceManagerTime>0</frequenceManagerTime>
      <inhibitTransfer>false</inhibitTransfer>
      <periodId></periodId>
      <stateType>6</stateType>
      <bpmnType>60</bpmnType>
      <signalId>0</signalId>
      <counterSign>false</counterSign>
      <openInstances>0</openInstances>
      <destinationStates/>
      <digitalSignature>false</digitalSignature>
    </ProcessState>
    <ProcessState>
      <processStatePK>
        <companyId>1</companyId>
        <processId>M001</processId>
        <version>1</version>
        <sequence>60</sequence>
      </processStatePK>
      <stateName>Reprovar solicitação</stateName>
      <stateDescription>Reprovar solicitação</stateDescription>
      <instruction>Atividade final do processo</instruction>
      <deadlineTime>0</deadlineTime>
      <joint>false</joint>
      <agreementPercentage>0</agreementPercentage>
      <engineAllocationId></engineAllocationId>
      <engineAllocationConfiguration></engineAllocationConfiguration>
      <selectColleague>0</selectColleague>
      <initialState>false</initialState>
      <notifyAuthorityDelay>true</notifyAuthorityDelay>
      <notifyRequisitionerDelay>false</notifyRequisitionerDelay>
      <allowanceAuthorityTime>0</allowanceAuthorityTime>
      <frequenceAuthorityTime>1</frequenceAuthorityTime>
      <allowanceRequisitionerTime>0</allowanceRequisitionerTime>
      <frequenceRequisitionerTime>0</frequenceRequisitionerTime>
      <transferAttachments>false</transferAttachments>
      <subProcessId></subProcessId>
      <formFolder>0</formFolder>
      <notifyAuthorityFollowUp>false</notifyAuthorityFollowUp>
      <notifyRequisitionerFollowUp>false</notifyRequisitionerFollowUp>
      <automatic>false</automatic>
      <positionX>280</positionX>
      <positionY>564</positionY>
      <forecastedEffortType>0</forecastedEffortType>
      <forecastedEffort>0</forecastedEffort>
      <notifyManagerFollowUp>false</notifyManagerFollowUp>
      <notifyManagerDelay>false</notifyManagerDelay>
      <allowanceManagerTime>0</allowanceManagerTime>
      <frequenceManagerTime>0</frequenceManagerTime>
      <inhibitTransfer>false</inhibitTransfer>
      <periodId></periodId>
      <stateType>6</stateType>
      <bpmnType>65</bpmnType>
      <signalId>0</signalId>
      <counterSign>false</counterSign>
      <openInstances>0</openInstances>
      <destinationStates/>
      <digitalSignature>false</digitalSignature>
    </ProcessState>
  </list>
  <list/>
  <list>
    <ProcessLink>
      <processLinkPK>
        <companyId>1</companyId>
        <processId>M001</processId>
        <version>1</version>
        <linkSequence>21</linkSequence>
      </processLinkPK>
      <actionLabel></actionLabel>
      <returnPermited>false</returnPermited>
      <initialStateSequence>18</initialStateSequence>
      <finalStateSequence>15</finalStateSequence>
      <returnLabel></returnLabel>
      <name></name>
      <automaticLink>false</automaticLink>
      <defaultLink>false</defaultLink>
      <type>0</type>
    </ProcessLink>
    <ProcessLink>
      <processLinkPK>
        <companyId>1</companyId>
        <processId>M001</processId>
        <version>1</version>
        <linkSequence>38</linkSequence>
      </processLinkPK>
      <actionLabel></actionLabel>
      <returnPermited>false</returnPermited>
      <initialStateSequence>17</initialStateSequence>
      <finalStateSequence>18</finalStateSequence>
      <returnLabel></returnLabel>
      <name></name>
      <automaticLink>false</automaticLink>
      <defaultLink>false</defaultLink>
      <type>0</type>
    </ProcessLink>
    <ProcessLink>
      <processLinkPK>
        <companyId>1</companyId>
        <processId>M001</processId>
        <version>1</version>
        <linkSequence>41</linkSequence>
      </processLinkPK>
      <actionLabel></actionLabel>
      <returnPermited>false</returnPermited>
      <initialStateSequence>5</initialStateSequence>
      <finalStateSequence>6</finalStateSequence>
      <returnLabel></returnLabel>
      <name></name>
      <automaticLink>false</automaticLink>
      <defaultLink>false</defaultLink>
      <type>0</type>
    </ProcessLink>
    <ProcessLink>
      <processLinkPK>
        <companyId>1</companyId>
        <processId>M001</processId>
        <version>1</version>
        <linkSequence>42</linkSequence>
      </processLinkPK>
      <actionLabel></actionLabel>
      <returnPermited>false</returnPermited>
      <initialStateSequence>6</initialStateSequence>
      <finalStateSequence>24</finalStateSequence>
      <returnLabel></returnLabel>
      <name></name>
      <automaticLink>false</automaticLink>
      <defaultLink>false</defaultLink>
      <type>0</type>
    </ProcessLink>
    <ProcessLink>
      <processLinkPK>
        <companyId>1</companyId>
        <processId>M001</processId>
        <version>1</version>
        <linkSequence>43</linkSequence>
      </processLinkPK>
      <actionLabel></actionLabel>
      <returnPermited>false</returnPermited>
      <initialStateSequence>6</initialStateSequence>
      <finalStateSequence>31</finalStateSequence>
      <returnLabel></returnLabel>
      <name></name>
      <automaticLink>false</automaticLink>
      <defaultLink>false</defaultLink>
      <type>0</type>
    </ProcessLink>
    <ProcessLink>
      <processLinkPK>
        <companyId>1</companyId>
        <processId>M001</processId>
        <version>1</version>
        <linkSequence>58</linkSequence>
      </processLinkPK>
      <actionLabel></actionLabel>
      <returnPermited>false</returnPermited>
      <initialStateSequence>24</initialStateSequence>
      <finalStateSequence>15</finalStateSequence>
      <returnLabel></returnLabel>
      <name></name>
      <automaticLink>false</automaticLink>
      <defaultLink>false</defaultLink>
      <type>0</type>
    </ProcessLink>
    <ProcessLink>
      <processLinkPK>
        <companyId>1</companyId>
        <processId>M001</processId>
        <version>1</version>
        <linkSequence>59</linkSequence>
      </processLinkPK>
      <actionLabel></actionLabel>
      <returnPermited>false</returnPermited>
      <initialStateSequence>15</initialStateSequence>
      <finalStateSequence>52</finalStateSequence>
      <returnLabel></returnLabel>
      <name></name>
      <automaticLink>false</automaticLink>
      <defaultLink>false</defaultLink>
      <type>0</type>
    </ProcessLink>
    <ProcessLink>
      <processLinkPK>
        <companyId>1</companyId>
        <processId>M001</processId>
        <version>1</version>
        <linkSequence>61</linkSequence>
      </processLinkPK>
      <actionLabel></actionLabel>
      <returnPermited>false</returnPermited>
      <initialStateSequence>24</initialStateSequence>
      <finalStateSequence>60</finalStateSequence>
      <returnLabel></returnLabel>
      <name></name>
      <automaticLink>false</automaticLink>
      <defaultLink>false</defaultLink>
      <type>0</type>
    </ProcessLink>
  </list>
  <list/>
  <list>
    <WorkflowProcessEvent>
      <workflowProcessEventPK>
        <companyId>1</companyId>
        <eventId>servicetask15</eventId>
        <processId>M001</processId>
        <version>1</version>
      </workflowProcessEventPK>
      <eventDescription>function servicetask15(attempt, message) {
  try {
    var camposForm = new java.util.HashMap();
    var dataSetXml = &quot;&quot;
    camposForm = hAPI.getCardData(getValue(&quot;WKNumProces&quot;));
    
    saveRecordDiscDestino(camposForm, dataSetXml);
  }catch (e) {
    throw e.toString();
  }
}

function saveRecordDiscDestino(camposForm, dataSetXml) {
  var usuario = getAccess()[0];
  var pass    = getAccess()[1];

  var NOME_SERVICO = &quot;wsDataServer&quot;;
  var CAMINHO_SERVICO = &quot;com.totvs.WsDataServer&quot;;

  var servico = ServiceManager.getServiceInstance(NOME_SERVICO);

  var serviceHelper = servico.getBean();
  var instancia = servico.instantiate(CAMINHO_SERVICO);

  var ws = instancia.getRMIwsDataServer();

  var authenticatedService = serviceHelper.getBasicAuthenticatedClient(ws, &quot;com.totvs.IwsDataServer&quot;, usuario, pass);

  log.info(&quot;########## Iniciando montagem do XML ...&quot;);

  var arrayIntegraçao = new Array();
  
  dataSetXml += &quot;&lt;EduInscAlunoAtvOfertadaData&gt; &quot;;
  			dataSetXml += &quot;&lt;sAtividadeAluno&gt; &quot;;
	        dataSetXml += ValidaCampo(&quot;CODCOLIGADA&quot;, 					camposForm.get(&quot;codColigada&quot;));
	        dataSetXml += ValidaCampo(&quot;IDATIVIDADE&quot;, 					&quot;-1&quot;);
	        dataSetXml += ValidaCampo(&quot;RA&quot;, 							camposForm.get(&quot;ra&quot;));
	        dataSetXml += ValidaCampo(&quot;CODFILIAL&quot;, 						camposForm.get(&quot;codFilial&quot;));
	        dataSetXml += ValidaCampo(&quot;IDPERLET&quot;, 						camposForm.get(&quot;idPerlet&quot;));
	        dataSetXml += ValidaCampo(&quot;IDHABILITACAOFILIAL&quot;, 			camposForm.get(&quot;idHabilitacaoFilial&quot;));
	        dataSetXml += ValidaCampo(&quot;CARGAHORARIA&quot;, 					camposForm.get(&quot;cargaHoraria&quot;));
	        dataSetXml += ValidaCampo(&quot;CARGAHORARIAATV&quot;, 				camposForm.get(&quot;cargaHorariaatv&quot;));
	        dataSetXml += ValidaCampo(&quot;CODCOMPONENTE&quot;, 					camposForm.get(&quot;codComponente&quot;));
	        dataSetXml += ValidaCampo(&quot;CODTIPOPART&quot;, 					camposForm.get(&quot;codTipoParticipacao&quot;));
	        dataSetXml += ValidaCampo(&quot;CODMODALIDADE&quot;, 					camposForm.get(&quot;codModalidade&quot;));
	        dataSetXml += ValidaCampo(&quot;CODINST&quot;, 						camposForm.get(&quot;codInstituicao&quot;));
	        dataSetXml += ValidaCampo(&quot;OBSERVACAO&quot;, 					camposForm.get(&quot;observacoes&quot;));
	        dataSetXml += ValidaCampo(&quot;CREDITOS&quot;, 						camposForm.get(&quot;creditos&quot;));
	        dataSetXml += ValidaCampo(&quot;CONVENIO&quot;, 						camposForm.get(&quot;convenio&quot;));
	        dataSetXml += ValidaCampo(&quot;CUMPRIUATIVIDADE&quot;, 				&quot;S&quot;);
	        dataSetXml += ValidaCampo(&quot;DATA&quot;, 							camposForm.get(&quot;dataConclusao&quot;));
	        dataSetXml += ValidaCampo(&quot;DATAFIM&quot;, 						camposForm.get(&quot;datafim&quot;));
	        dataSetXml += ValidaCampo(&quot;DATAINICIO&quot;, 					camposForm.get(&quot;datainicio&quot;));
	        dataSetXml += ValidaCampo(&quot;DESCRICAO&quot;, 						camposForm.get(&quot;descricao&quot;));
	        dataSetXml += ValidaCampo(&quot;DOCUMENTACAOENTREGUE&quot;, 			&quot;S&quot;);
	        /*dataSetXml += ValidaCampo(&quot;IDATIVIDADE&quot;, 					&quot;&quot;);*/
	        dataSetXml += ValidaCampo(&quot;INSCRICAOCONFIRMADA&quot;, 			&quot;S&quot;);
	        dataSetXml += ValidaCampo(&quot;LOCAL&quot;, 							camposForm.get(&quot;localAtividade&quot;));
        dataSetXml += &quot;&lt;/sAtividadeAluno&gt; &quot;;
        dataSetXml += &quot;&lt;/EduInscAlunoAtvOfertadaData&gt; &quot;;
    
    arrayIntegraçao.push(dataSetXml);

      
  log.info(&quot;######## dataSetXml LIDO: ########&quot; + dataSetXml);
      
  var codCol 		= camposForm.get(&quot;codColigada&quot;);
  var codFil 		= camposForm.get(&quot;codFilial&quot;);
  var codTipCurso 	= camposForm.get(&quot;codTipoCurso&quot;);

  //Cria contexto RM
    var rmsContext = &quot;CODCOLIGADA=&quot;+codCol+&quot;;CODFILIAL=&quot;+codFil+&quot;;CODTIPOCURSO=&quot;+codTipCurso+&quot;;CODSISTEMA=S;CODUSUARIO=&quot;+usuario; 
    
  var result = authenticatedService.saveRecord(&quot;EduInscAlunoAtvOfertadaData&quot;, arrayIntegraçao[0], rmsContext);
  log.info(&quot;################ result integracao: &quot; + result);

  if ((result != null) &amp;&amp; (result.indexOf(&quot;===&quot;) != -1)){
      var msgErro = result.substring(0, result.indexOf(&quot;===&quot;));
        
      throw msgErro;
    }
}

//Acesso TBC
function getAccess() {
  try {
    var response = new Array();
    var dataset = DatasetFactory.getDataset(&quot;dsTBCConnector&quot;, null, null, null);
    var u = dataset.getValue(0, &quot;user&quot;);
    var p = dataset.getValue(0, &quot;pass&quot;);
    response.push(u, p);
    return response;
  } catch (e) {
    throw &quot;getAccess / &quot; + e.toString();
  }
}


//IIS
function getWebService(Usuario, Senha) {
	
	  var Nome_Servico = &quot;wsDataServer&quot;;
	  var Caminho_Servico = &quot;br.com.totvs.br.WsDataServer&quot;;
	  var dataServerService = ServiceManager.getServiceInstance(Nome_Servico);
	  if (dataServerService == null) {
	    throw &quot;Servico nao encontrado: &quot; + Nome_Servico;
	  }
	  
	  var serviceLocator = dataServerService.instantiate(Caminho_Servico);
	  if (serviceLocator == null) {
	    throw &quot;Instancia do servico nao encontrada: &quot; + Nome_Servico + &quot; - &quot; + Caminho_Servico;
	  }
	  var service = serviceLocator.getWsDataServerSoap();
	  if (service == null) {
	    throw &quot;Instancia do dataserver do invalida: &quot; + Nome_Servico + &quot; - &quot; + Caminho_Servico;
	  }
	  var serviceHelper = dataServerService.getBean();
	  if (serviceHelper == null) {
	    throw &quot;Instancia do service helper invalida: &quot; + Nome_Servico + &quot; - &quot; + Caminho_Servico;
	  }
	  var authService = serviceHelper.getBasicAuthenticatedClient(service, &quot;br.com.totvs.br.WsDataServerSoap&quot;, Usuario, Senha);
	  if (serviceHelper == null) {
	    throw &quot;Instancia do auth service invalida: &quot; + Nome_Servico + &quot; - &quot; + Caminho_Servico;
	  }
	  return authService;
	}



//Host RM 8051
function getWebService_HostRM(Usuario, Senha) {
  var Nome_Servico = &quot;wsDataServer&quot;;
  var Caminho_Servico = &quot;com.totvs.WsDataServer&quot;;
  var dataServerService = ServiceManager.getServiceInstance(Nome_Servico);
  if (dataServerService == null) {
    throw &quot;Servico nao encontrado: &quot; + Nome_Servico;
  }
  var serviceLocator = dataServerService.instantiate(Caminho_Servico);
  if (serviceLocator == null) {
    throw &quot;Instancia do servico nao encontrada: &quot; + Nome_Servico + &quot; - &quot; + Caminho_Servico;
  }
  var service = serviceLocator.getRMIwsDataServer();
  if (service == null) {
    throw &quot;Instancia do dataserver do invalida: &quot; + Nome_Servico + &quot; - &quot; + Caminho_Servico;
  }
  var serviceHelper = dataServerService.getBean();
  if (serviceHelper == null) {
    throw &quot;Instancia do service helper invalida: &quot; + Nome_Servico + &quot; - &quot; + Caminho_Servico;
  }
  var authService = serviceHelper.getBasicAuthenticatedClient(service, &quot;com.totvs.IwsDataServer&quot;, Usuario, Senha);
  if (serviceHelper == null) {
    throw &quot;Instancia do auth service invalida: &quot; + Nome_Servico + &quot; - &quot; + Caminho_Servico;
  }
  return authService;
}

function dcReadView(dataservername, context, usuario, senha, filtro) {
  var authService = getWebService(usuario, senha);
  var viewData = new String(authService.readView(dataservername, filtro, context));
  return viewData;
}

function dcReadRecord(dataservername, context, usuario, senha, primaryKey) {
  var authService = getWebService(usuario, senha);
  try {
    var recordData = new String(authService.readRecord(dataservername, primaryKey, context));
  } catch (e) {
    var recordData = new String(authService.getSchema(dataservername, context));
  }
  return recordData;
}

function dcSaveRecord(dataservername, context, usuario, senha, xml) {
  var authService = getWebService(usuario, senha);
  var pk = new String(authService.readRecord(dataservername, xml, context));
  return pk;
}

function parseConstraints(constraints, filterRequired) {
  var result = [];
  result.context = &quot;&quot;;
  var filter = &quot;&quot;;
  for (con in constraints) {
    var fieldName = con.getFieldName().toUpperCase();
    if (fieldName == &quot;RMSCONTEXT&quot;) {
      result.context = con.getInitialValue();
      continue;
    }
    filter += &quot;(&quot;;
    if (fieldName == &quot;RMSFILTER&quot;) {
      filter += con.getInitialValue();
    } else {
      if (con.getInitialValue() == con.getFinalValue() || isEmpty(con.getFinalValue())) {
        filter += con.getFieldName();
        var isLike = false;
        switch (con.getConstraintType()) {
          case ConstraintType.MUST:
            filter += &quot; = &quot;;
            break;
          case ConstraintType.MUST_NOT:
            filter += &quot; = &quot;;
            break;
          case ConstraintType.SHOULD:
            filter += &quot; LIKE &quot;;
            isLike = true;
            break;
          case ConstraintType.SHOULD_NOT:
            filter += &quot; NOT LIKE &quot;;
            isLike = true;
            break;
        }
        filter += getFormattedValue(con.getInitialValue(), isLike);
      } else {
        filter += con.getFieldName();
        filter += &quot; BETWEEN &quot;;
        filter += getFormattedValue(con.getInitialValue(), false);
        filter += &quot; AND &quot;;
        filter += getFormattedValue(con.getFinalValue(), false);
      }
    }
    filter += &quot;) AND &quot;;
  }
  if (filter.length == 0) {
    if (filterRequired) {
      filter = &quot;1=1&quot;;
    } else {
      filter = &quot;1=1&quot;;
    }
  } else
    filter = filter.substring(0, filter.length - 5);
  result.filter = filter;
  return result;
}

function isEmpty(str) {
  return (!str || 0 === str.length);
}

function getFormattedValue(value, isLike) {
  if (isLike) {
    return &quot;&apos;%&quot; + value + &quot;%&apos;&quot;;
  } else {
    return &quot;&apos;&quot; + value + &quot;&apos;&quot;;
  }
}

function getXMLFromString(xmlString) {
  var factory = javax.xml.parsers.DocumentBuilderFactory.newInstance();
  var parser = factory.newDocumentBuilder();
  var is = new org.xml.sax.InputSource();
  is.setCharacterStream(new java.io.StringReader(xmlString));
  return parser.parse(is);
}

function checkIsPK(result, qtd) {
  var lines = result.split(&apos;\r&apos;);
  if (lines.length == 1) {
    var pk = result.split(&apos;;&apos;);
    if (pk.length == qtd)
      return;
  }
  throw result;
}

function ChekExist(result) {
  var lines = result.split(&apos;\r&apos;);
  if (lines.length &gt; 1)
    return true
  else
    return false;
}

function ValidaCampo(campo, valor) {
  log.info(&quot;ENTROU VALIDACAMPO ----&gt;&quot; + campo + &quot; &quot; + valor);
  if ((valor != null) &amp;&amp; (valor != &quot;&quot;)) {
    log.info(&quot;ENTROU NO IF VALIDACAMPO ----&gt;&quot; + campo + &quot; &quot; + valor);
    return &quot;&lt;&quot; + campo + &quot;&gt;&quot; + valor + &quot;&lt;/&quot; + campo + &quot;&gt; &quot;;
  } else
    return &quot;&quot;;
}

function isEmpty(str) {
  return (!str || 0 === str.length);
}</eventDescription>
    </WorkflowProcessEvent>
    <WorkflowProcessEvent>
      <workflowProcessEventPK>
        <companyId>1</companyId>
        <eventId>afterProcessCreate</eventId>
        <processId>M001</processId>
        <version>1</version>
      </workflowProcessEventPK>
      <eventDescription>function afterProcessCreate(processId){&#xd;
	hAPI.setCardValue(&quot;numProcessoFluig&quot;,processId);&#xd;
}</eventDescription>
    </WorkflowProcessEvent>
  </list>
  <list/>
  <list>
    <SwimLane>
      <color>FFFFFF</color>
      <height>871</height>
      <width>780</width>
      <positionX>190</positionX>
      <positionY>20</positionY>
      <stateName>Aproveitamento</stateName>
      <type>1</type>
      <parentSequence>0</parentSequence>
      <swimLanePK>
        <companyId>1</companyId>
        <processId>M001</processId>
        <version>1</version>
        <sequence>1</sequence>
      </swimLanePK>
    </SwimLane>
    <SwimLane>
      <color>82b0b7</color>
      <height>217</height>
      <width>750</width>
      <positionX>220</positionX>
      <positionY>20</positionY>
      <stateName>Portal Educacional</stateName>
      <type>2</type>
      <parentSequence>1</parentSequence>
      <swimLanePK>
        <companyId>1</companyId>
        <processId>M001</processId>
        <version>1</version>
        <sequence>2</sequence>
      </swimLanePK>
    </SwimLane>
    <SwimLane>
      <color>d6e0d0</color>
      <height>217</height>
      <width>750</width>
      <positionX>220</positionX>
      <positionY>237</positionY>
      <stateName>SECAD</stateName>
      <type>2</type>
      <parentSequence>1</parentSequence>
      <swimLanePK>
        <companyId>1</companyId>
        <processId>M001</processId>
        <version>1</version>
        <sequence>3</sequence>
      </swimLanePK>
    </SwimLane>
    <SwimLane>
      <color>d0daae</color>
      <height>217</height>
      <width>750</width>
      <positionX>220</positionX>
      <positionY>454</positionY>
      <stateName>TOTVS Educacional</stateName>
      <type>2</type>
      <parentSequence>1</parentSequence>
      <swimLanePK>
        <companyId>1</companyId>
        <processId>M001</processId>
        <version>1</version>
        <sequence>4</sequence>
      </swimLanePK>
    </SwimLane>
    <SwimLane>
      <color>adc9ac</color>
      <height>220</height>
      <width>750</width>
      <positionX>220</positionX>
      <positionY>671</positionY>
      <stateName>Coordenação</stateName>
      <type>2</type>
      <parentSequence>1</parentSequence>
      <swimLanePK>
        <companyId>1</companyId>
        <processId>M001</processId>
        <version>1</version>
        <sequence>5</sequence>
      </swimLanePK>
    </SwimLane>
  </list>
  <list/>
  <list/>
  <list>
    <ProcessLinkBend>
      <processLinkBendPK>
        <companyId>1</companyId>
        <processId>M001</processId>
        <version>18</version>
        <linkSequence>21</linkSequence>
        <bendSequence>1</bendSequence>
      </processLinkBendPK>
      <positionX>463</positionX>
      <positionY>766</positionY>
    </ProcessLinkBend>
    <ProcessLinkBend>
      <processLinkBendPK>
        <companyId>1</companyId>
        <processId>M001</processId>
        <version>18</version>
        <linkSequence>38</linkSequence>
        <bendSequence>1</bendSequence>
      </processLinkBendPK>
      <positionX>611</positionX>
      <positionY>849</positionY>
    </ProcessLinkBend>
    <ProcessLinkBend>
      <processLinkBendPK>
        <companyId>1</companyId>
        <processId>M001</processId>
        <version>18</version>
        <linkSequence>41</linkSequence>
        <bendSequence>1</bendSequence>
      </processLinkBendPK>
      <positionX>402</positionX>
      <positionY>130</positionY>
    </ProcessLinkBend>
    <ProcessLinkBend>
      <processLinkBendPK>
        <companyId>1</companyId>
        <processId>M001</processId>
        <version>18</version>
        <linkSequence>58</linkSequence>
        <bendSequence>1</bendSequence>
      </processLinkBendPK>
      <positionX>572</positionX>
      <positionY>575</positionY>
    </ProcessLinkBend>
  </list>
  <list/>
  <list/>
  <list>
    <ProcessFormField>
      <processFormFieldPK>
        <companyId>1</companyId>
        <processId>M001</processId>
        <fieldId>codAtendimento</fieldId>
      </processFormFieldPK>
      <fieldDescription>codAtendimento</fieldDescription>
      <slotId>1</slotId>
    </ProcessFormField>
    <ProcessFormField>
      <processFormFieldPK>
        <companyId>1</companyId>
        <processId>M001</processId>
        <fieldId>codColigada</fieldId>
      </processFormFieldPK>
      <fieldDescription>codColigada</fieldDescription>
      <slotId>2</slotId>
    </ProcessFormField>
    <ProcessFormField>
      <processFormFieldPK>
        <companyId>1</companyId>
        <processId>M001</processId>
        <fieldId>codComponente</fieldId>
      </processFormFieldPK>
      <fieldDescription>codComponente</fieldDescription>
      <slotId>3</slotId>
    </ProcessFormField>
    <ProcessFormField>
      <processFormFieldPK>
        <companyId>1</companyId>
        <processId>M001</processId>
        <fieldId>codCoordenador</fieldId>
      </processFormFieldPK>
      <fieldDescription>codCoordenador</fieldDescription>
      <slotId>4</slotId>
    </ProcessFormField>
    <ProcessFormField>
      <processFormFieldPK>
        <companyId>1</companyId>
        <processId>M001</processId>
        <fieldId>codCurso</fieldId>
      </processFormFieldPK>
      <fieldDescription>codCurso</fieldDescription>
      <slotId>5</slotId>
    </ProcessFormField>
    <ProcessFormField>
      <processFormFieldPK>
        <companyId>1</companyId>
        <processId>M001</processId>
        <fieldId>codFilial</fieldId>
      </processFormFieldPK>
      <fieldDescription>codFilial</fieldDescription>
      <slotId>6</slotId>
    </ProcessFormField>
    <ProcessFormField>
      <processFormFieldPK>
        <companyId>1</companyId>
        <processId>M001</processId>
        <fieldId>codInstituicao</fieldId>
      </processFormFieldPK>
      <fieldDescription>codInstituicao</fieldDescription>
      <slotId>7</slotId>
    </ProcessFormField>
    <ProcessFormField>
      <processFormFieldPK>
        <companyId>1</companyId>
        <processId>M001</processId>
        <fieldId>codLocal</fieldId>
      </processFormFieldPK>
      <fieldDescription>codLocal</fieldDescription>
      <slotId>8</slotId>
    </ProcessFormField>
    <ProcessFormField>
      <processFormFieldPK>
        <companyId>1</companyId>
        <processId>M001</processId>
        <fieldId>codTipoCurso</fieldId>
      </processFormFieldPK>
      <fieldDescription>codTipoCurso</fieldDescription>
      <slotId>9</slotId>
    </ProcessFormField>
    <ProcessFormField>
      <processFormFieldPK>
        <companyId>1</companyId>
        <processId>M001</processId>
        <fieldId>codTipoParticipacao</fieldId>
      </processFormFieldPK>
      <fieldDescription>codTipoParticipacao</fieldDescription>
      <slotId>10</slotId>
    </ProcessFormField>
    <ProcessFormField>
      <processFormFieldPK>
        <companyId>1</companyId>
        <processId>M001</processId>
        <fieldId>coligada</fieldId>
      </processFormFieldPK>
      <fieldDescription>coligada</fieldDescription>
      <slotId>11</slotId>
    </ProcessFormField>
    <ProcessFormField>
      <processFormFieldPK>
        <companyId>1</companyId>
        <processId>M001</processId>
        <fieldId>convenio</fieldId>
      </processFormFieldPK>
      <fieldDescription>convenio</fieldDescription>
      <slotId>12</slotId>
    </ProcessFormField>
    <ProcessFormField>
      <processFormFieldPK>
        <companyId>1</companyId>
        <processId>M001</processId>
        <fieldId>dataConclusao</fieldId>
      </processFormFieldPK>
      <fieldDescription>dataConclusao</fieldDescription>
      <slotId>13</slotId>
    </ProcessFormField>
    <ProcessFormField>
      <processFormFieldPK>
        <companyId>1</companyId>
        <processId>M001</processId>
        <fieldId>datafim</fieldId>
      </processFormFieldPK>
      <fieldDescription>datafim</fieldDescription>
      <slotId>14</slotId>
    </ProcessFormField>
    <ProcessFormField>
      <processFormFieldPK>
        <companyId>1</companyId>
        <processId>M001</processId>
        <fieldId>datainicio</fieldId>
      </processFormFieldPK>
      <fieldDescription>datainicio</fieldDescription>
      <slotId>15</slotId>
    </ProcessFormField>
    <ProcessFormField>
      <processFormFieldPK>
        <companyId>1</companyId>
        <processId>M001</processId>
        <fieldId>dataSolicitacao</fieldId>
      </processFormFieldPK>
      <fieldDescription>dataSolicitacao</fieldDescription>
      <slotId>16</slotId>
    </ProcessFormField>
    <ProcessFormField>
      <processFormFieldPK>
        <companyId>1</companyId>
        <processId>M001</processId>
        <fieldId>descComponente</fieldId>
      </processFormFieldPK>
      <fieldDescription>descComponente</fieldDescription>
      <slotId>17</slotId>
    </ProcessFormField>
    <ProcessFormField>
      <processFormFieldPK>
        <companyId>1</companyId>
        <processId>M001</processId>
        <fieldId>descricao</fieldId>
      </processFormFieldPK>
      <fieldDescription>descricao</fieldDescription>
      <slotId>18</slotId>
    </ProcessFormField>
    <ProcessFormField>
      <processFormFieldPK>
        <companyId>1</companyId>
        <processId>M001</processId>
        <fieldId>emailAluno</fieldId>
      </processFormFieldPK>
      <fieldDescription>emailAluno</fieldDescription>
      <slotId>19</slotId>
    </ProcessFormField>
    <ProcessFormField>
      <processFormFieldPK>
        <companyId>1</companyId>
        <processId>M001</processId>
        <fieldId>filial</fieldId>
      </processFormFieldPK>
      <fieldDescription>filial</fieldDescription>
      <slotId>20</slotId>
    </ProcessFormField>
    <ProcessFormField>
      <processFormFieldPK>
        <companyId>1</companyId>
        <processId>M001</processId>
        <fieldId>idHabilitacaoFilial</fieldId>
      </processFormFieldPK>
      <fieldDescription>idHabilitacaoFilial</fieldDescription>
      <slotId>21</slotId>
    </ProcessFormField>
    <ProcessFormField>
      <processFormFieldPK>
        <companyId>1</companyId>
        <processId>M001</processId>
        <fieldId>idPerlet</fieldId>
      </processFormFieldPK>
      <fieldDescription>idPerlet</fieldDescription>
      <slotId>22</slotId>
    </ProcessFormField>
    <ProcessFormField>
      <processFormFieldPK>
        <companyId>1</companyId>
        <processId>M001</processId>
        <fieldId>localAtividade</fieldId>
      </processFormFieldPK>
      <fieldDescription>localAtividade</fieldDescription>
      <slotId>23</slotId>
    </ProcessFormField>
    <ProcessFormField>
      <processFormFieldPK>
        <companyId>1</companyId>
        <processId>M001</processId>
        <fieldId>modalidade</fieldId>
      </processFormFieldPK>
      <fieldDescription>modalidade</fieldDescription>
      <slotId>24</slotId>
    </ProcessFormField>
    <ProcessFormField>
      <processFormFieldPK>
        <companyId>1</companyId>
        <processId>M001</processId>
        <fieldId>nomeAluno</fieldId>
      </processFormFieldPK>
      <fieldDescription>nomeAluno</fieldDescription>
      <slotId>25</slotId>
    </ProcessFormField>
    <ProcessFormField>
      <processFormFieldPK>
        <companyId>1</companyId>
        <processId>M001</processId>
        <fieldId>nomeCoordenador</fieldId>
      </processFormFieldPK>
      <fieldDescription>nomeCoordenador</fieldDescription>
      <slotId>26</slotId>
    </ProcessFormField>
    <ProcessFormField>
      <processFormFieldPK>
        <companyId>1</companyId>
        <processId>M001</processId>
        <fieldId>nomeCurso</fieldId>
      </processFormFieldPK>
      <fieldDescription>nomeCurso</fieldDescription>
      <slotId>27</slotId>
    </ProcessFormField>
    <ProcessFormField>
      <processFormFieldPK>
        <companyId>1</companyId>
        <processId>M001</processId>
        <fieldId>nomeInstituicao</fieldId>
      </processFormFieldPK>
      <fieldDescription>nomeInstituicao</fieldDescription>
      <slotId>28</slotId>
    </ProcessFormField>
    <ProcessFormField>
      <processFormFieldPK>
        <companyId>1</companyId>
        <processId>M001</processId>
        <fieldId>observacoes</fieldId>
      </processFormFieldPK>
      <fieldDescription>observacoes</fieldDescription>
      <slotId>29</slotId>
    </ProcessFormField>
    <ProcessFormField>
      <processFormFieldPK>
        <companyId>1</companyId>
        <processId>M001</processId>
        <fieldId>perletivo</fieldId>
      </processFormFieldPK>
      <fieldDescription>perletivo</fieldDescription>
      <slotId>30</slotId>
    </ProcessFormField>
    <ProcessFormField>
      <processFormFieldPK>
        <companyId>1</companyId>
        <processId>M001</processId>
        <fieldId>ra</fieldId>
      </processFormFieldPK>
      <fieldDescription>ra</fieldDescription>
      <slotId>31</slotId>
    </ProcessFormField>
    <ProcessFormField>
      <processFormFieldPK>
        <companyId>1</companyId>
        <processId>M001</processId>
        <fieldId>tipoParticipacao</fieldId>
      </processFormFieldPK>
      <fieldDescription>tipoParticipacao</fieldDescription>
      <slotId>32</slotId>
    </ProcessFormField>
    <ProcessFormField>
      <processFormFieldPK>
        <companyId>1</companyId>
        <processId>M001</processId>
        <fieldId>Turno</fieldId>
      </processFormFieldPK>
      <fieldDescription>Turno</fieldDescription>
      <slotId>33</slotId>
    </ProcessFormField>
  </list>
  <list>
    <ProcessStateService>
      <companyId>1</companyId>
      <processId>M001</processId>
      <version>1</version>
      <sequence>15</sequence>
      <attempts>0</attempts>
      <sucessFullMessage>Integração executada com sucesso</sucessFullMessage>
      <serviceName>wsDataServer</serviceName>
      <frequency>1</frequency>
      <frequencyType>0</frequencyType>
    </ProcessStateService>
  </list>
  <list/>
  <list/>
  <list/>
  <list/>
</list>